policy,remaining,state,value,effort,optimal_efforts,success_report,failure_report,utility_H,utility_L,continuation_G,continuation_B
VOLUNTARY,1,G,1.0,L,L,REPORT,WITHHOLD,0.85,1.0,0.0,0.0
VOLUNTARY,1,B,0.4,L,L,REPORT,WITHHOLD,0.25,0.4,0.0,0.0
VOLUNTARY,2,G,1.95,L,L,REPORT,WITHHOLD,1.7999999999999998,1.95,1.0,0.4
VOLUNTARY,2,B,1.143,H,H,REPORT,WITHHOLD,1.143,0.951,1.0,0.4
VOLUNTARY,3,G,2.8525,L,L,REPORT,WITHHOLD,2.7024999999999997,2.8525,1.95,1.143
VOLUNTARY,3,B,2.025835,H,H,REPORT,WITHHOLD,2.025835,1.7158449999999998,1.95,1.143
VOLUNTARY,4,G,3.709875,L,L,REPORT,WITHHOLD,3.559875,3.709875,2.8525,2.025835
VOLUNTARY,4,B,2.881341825,H,H,REPORT,WITHHOLD,2.881341825,2.560142774999999,2.8525,2.025835
VOLUNTARY,5,G,4.524381249999999,L,L,REPORT,WITHHOLD,4.37438125,4.524381249999999,3.709875,2.881341825
VOLUNTARY,5,B,3.6956705983749996,H,H,REPORT,WITHHOLD,3.6956705983749996,3.3734066886249994,3.709875,2.881341825
VOLUNTARY,6,G,5.298162187499999,L,L,REPORT,WITHHOLD,5.148162187499999,5.298162187499999,4.524381249999999,3.6956705983749996
VOLUNTARY,6,B,4.4694346755956245,H,H,REPORT,WITHHOLD,4.4694346755956245,4.147069604169375,4.524381249999999,3.6956705983749996
VOLUNTARY,7,G,6.033254078124999,L,L,REPORT,WITHHOLD,5.883254078124999,6.033254078124999,5.298162187499999,4.4694346755956245
VOLUNTARY,7,B,5.204524964494084,H,H,REPORT,WITHHOLD,5.204524964494084,4.88215028270859,5.298162187499999,4.4694346755956245
VOLUNTARY,8,G,6.731591374218748,L,L,REPORT,WITHHOLD,6.581591374218749,6.731591374218748,6.033254078124999,5.204524964494084
VOLUNTARY,8,B,5.902862108423812,H,H,REPORT,WITHHOLD,5.902862108423812,5.58048651365419,6.033254078124999,5.204524964494084
OBLIGATED_025,1,G,1.0,L,L,REPORT,WITHHOLD,0.85,1.0,0.0,0.0
OBLIGATED_025,1,B,0.4,L,L,REPORT,WITHHOLD,0.25,0.4,0.0,0.0
OBLIGATED_025,2,G,1.85025,L,L,REPORT,WITHHOLD,1.78575,1.85025,1.0,0.4
OBLIGATED_025,2,B,0.82275,L,L,REPORT,WITHHOLD,0.75825,0.82275,1.0,0.4
OBLIGATED_025,3,G,2.5869156249999996,L,L,REPORT,WITHHOLD,2.5833343749999997,2.5869156249999996,1.85025,0.82275
OBLIGATED_025,3,B,1.2548218749999998,L,L,REPORT,WITHHOLD,1.2512406249999999,1.2548218749999998,1.85025,0.82275
OBLIGATED_025,4,G,3.2759326171875,H,H,REPORT,WITHHOLD,3.2759326171875,3.2361092578124993,2.5869156249999996,1.2548218749999998
OBLIGATED_025,4,B,1.7268158203124997,H,H,REPORT,WITHHOLD,1.7268158203124997,1.6869924609374998,2.5869156249999996,1.2548218749999998
OBLIGATED_025,5,G,3.9253444624023435,H,H,REPORT,WITHHOLD,3.9253444624023435,3.854595318847655,3.2759326171875,1.7268158203124997
OBLIGATED_025,5,B,2.2215987446289054,H,H,REPORT,WITHHOLD,2.2215987446289054,2.1508496010742184,3.2759326171875,1.7268158203124997
OBLIGATED_025,6,G,4.538613278485107,H,H,REPORT,WITHHOLD,4.538613278485107,4.445829513702392,3.9253444624023435,2.2215987446289054
OBLIGATED_025,6,B,2.7246944545715324,H,H,REPORT,WITHHOLD,2.7246944545715324,2.6319106897888176,3.9253444624023435,2.2215987446289054
OBLIGATED_025,7,G,5.118602042492903,H,H,REPORT,WITHHOLD,5.118602042492903,5.010118610085219,4.538613278485107,2.7246944545715324
OBLIGATED_025,7,B,3.226184880454482,H,H,REPORT,WITHHOLD,3.226184880454482,3.1177014480467977,4.538613278485107,2.7246944545715324
OBLIGATED_025,8,G,5.667727032769845,H,H,REPORT,WITHHOLD,5.667727032769845,5.54805758717937,5.118602042492903,3.226184880454482
OBLIGATED_025,8,B,3.7193798048174695,H,H,REPORT,WITHHOLD,3.7193798048174695,3.5997103592269952,5.118602042492903,3.226184880454482
OBLIGATED_1,1,G,1.0,L,L,REPORT,WITHHOLD,0.85,1.0,0.0,0.0
OBLIGATED_1,1,B,0.4,L,L,REPORT,WITHHOLD,0.25,0.4,0.0,0.0
OBLIGATED_1,2,G,1.7429999999999999,H,H,REPORT,WITHHOLD,1.7429999999999999,1.551,1.0,0.4
OBLIGATED_1,2,B,1.143,H,H,REPORT,WITHHOLD,1.143,0.951,1.0,0.4
OBLIGATED_1,3,G,2.4488499999999997,H,H,REPORT,WITHHOLD,2.4488499999999997,2.25685,1.7429999999999999,1.143
OBLIGATED_1,3,B,1.8488499999999999,H,H,REPORT,WITHHOLD,1.8488499999999999,1.65685,1.7429999999999999,1.143
OBLIGATED_1,4,G,3.1194075,H,H,REPORT,WITHHOLD,3.1194075,2.9274074999999997,2.4488499999999997,1.8488499999999999
OBLIGATED_1,4,B,2.5194075,H,H,REPORT,WITHHOLD,2.5194075,2.3274074999999996,2.4488499999999997,1.8488499999999999
OBLIGATED_1,5,G,3.7564371249999997,H,H,REPORT,WITHHOLD,3.7564371249999997,3.5644371249999995,3.1194075,2.5194075
OBLIGATED_1,5,B,3.1564371249999996,H,H,REPORT,WITHHOLD,3.1564371249999996,2.9644371249999995,3.1194075,2.5194075
OBLIGATED_1,6,G,4.36161526875,H,H,REPORT,WITHHOLD,4.36161526875,4.169615268749999,3.7564371249999997,3.1564371249999996
OBLIGATED_1,6,B,3.7616152687499995,H,H,REPORT,WITHHOLD,3.7616152687499995,3.5696152687499993,3.7564371249999997,3.1564371249999996
OBLIGATED_1,7,G,4.936534505312499,H,H,REPORT,WITHHOLD,4.936534505312499,4.744534505312499,4.36161526875,3.7616152687499995
OBLIGATED_1,7,B,4.3365345053125,H,H,REPORT,WITHHOLD,4.3365345053125,4.1445345053125,4.36161526875,3.7616152687499995
OBLIGATED_1,8,G,5.482707780046875,H,H,REPORT,WITHHOLD,5.482707780046875,5.2907077800468745,4.936534505312499,4.3365345053125
OBLIGATED_1,8,B,4.882707780046875,H,H,REPORT,WITHHOLD,4.882707780046875,4.690707780046875,4.936534505312499,4.3365345053125
COMPLAINT_025,1,G,1.0,L,L,REPORT,WITHHOLD,0.85,1.0,0.0,0.0
COMPLAINT_025,1,B,0.4,L,L,REPORT,WITHHOLD,0.25,0.4,0.0,0.0
COMPLAINT_025,2,G,1.85025,L,L,REPORT,WITHHOLD,1.78575,1.85025,1.0,0.4
COMPLAINT_025,2,B,1.143,H,H,REPORT,WITHHOLD,1.143,0.951,1.0,0.4
COMPLAINT_025,3,G,2.6401571875,L,L,REPORT,WITHHOLD,2.5909403125,2.6401571875,1.85025,1.143
COMPLAINT_025,3,B,1.94054875,H,H,REPORT,WITHHOLD,1.94054875,1.68741625,1.85025,1.143
COMPLAINT_025,4,G,3.3918394253906246,L,L,REPORT,WITHHOLD,3.341533627734375,3.3918394253906246,2.6401571875,1.94054875
COMPLAINT_025,4,B,2.6916865265624996,H,H,REPORT,WITHHOLD,2.6916865265624996,2.4429097171875,2.6401571875,1.94054875
COMPLAINT_025,5,G,4.1058470346909175,L,L,REPORT,WITHHOLD,4.055618822773925,4.1058470346909175,3.3918394253906246,2.6916865265624996
COMPLAINT_025,5,B,3.405732928732421,H,H,REPORT,WITHHOLD,3.405732928732421,3.15664577640039,3.3918394253906246,2.6916865265624996
COMPLAINT_025,6,G,4.784160712840771,L,L,REPORT,WITHHOLD,4.733926972939857,4.784160712840771,4.1058470346909175,3.405732928732421
COMPLAINT_025,6,B,4.084043842890314,H,H,REPORT,WITHHOLD,4.084043842890314,3.834978802493971,4.1058470346909175,3.405732928732421
COMPLAINT_025,7,G,5.428558247569469,L,L,REPORT,WITHHOLD,5.378324901537409,5.428558247569469,4.784160712840771,4.084043842890314
COMPLAINT_025,7,B,4.72844157455344,H,H,REPORT,WITHHOLD,4.72844157455344,4.479374958681678,4.784160712840771,4.084043842890314
COMPLAINT_025,8,G,6.040735938302079,L,L,REPORT,WITHHOLD,5.990502564206864,6.040735938302079,5.428558247569469,4.72844157455344
COMPLAINT_025,8,B,5.340619251254473,H,H,REPORT,WITHHOLD,5.340619251254473,5.091552747635336,5.428558247569469,4.72844157455344
