source,gate,status,scope
AAMAS source,G0,Pass,"Assigned AAMAS role, approved v2 snapshots, inherited parameters, 31 expressions, approval supplement and routing frozen."
AAMAS source,G1,Pass within structured HTML subscope; Partial sourcewide,Native Abstract Boolean field not identified. User explicitly approved local field-only implementation. ASTs and 24 parser cases saved; no native stemming equivalence asserted.
AAMAS source,G2,Partial,"All 767 available fields on frozen saved pages captured, 37 local occurrences terminated by exhaustive field iteration. Native Hq Unknown; 171 missing HTML fields, unchecked other-year Abstract recall and one official metadata403 retained."
AAMAS source,G3,Partial,Exact official URL occurrence dedup performed; 21 title/year ACM relation candidates remain unmerged. Existing 217 ACM identity holds untouched; W/V Unknown.
AAMAS source,G4,Pass for 767 captured fields; Partial sourcewide,"Primary official HTML sections, title/author/year metadata, raw/text hashes and author normalization supplement saved. Missing fields recorded separately; no fulltext exceptions."
AAMAS source,G5,Pass for bounded empty new-gap handoff,Four disjoint frozen empty batches cover the zero demonstrated new-gap input; no worker dispatch; existing scientific decisions preserved.
AAMAS source,G6,NotRun new scientific screening; Partial relation review,No demonstrated new source gap to screen. All 21 source-query hit records retain pending cross-source relation review; no scientific include/exclude inferred from query hits.
AAMAS source,G7,Pass bounded record arithmetic,"37=21+16; source-query U=0 include+0 exclude+21 relation pending, abstract evidence count21. New-gap screening input0 explicitly scoped; W/V/sourcewide counts Unknown."
AAMAS source,G8,Partial source handoff,Source artifacts/hashes and limits provided for parent integration. Parent owns canonical README/Wiki changes and final acceptance; no manuscript/publication action.
AAAI/IJCAI central,G5/G6,Pass assigned review / Partial final science,All155 current source records and30 targeted answers independently reviewed;16 post-read scope uncertainties;source acceptance Partial
AAAI/IJCAI central,G7,Pass assigned record arithmetic / Partial source acceptance,All155 current source records and30 targeted answers independently reviewed;16 post-read scope uncertainties;source acceptance Partial
AAMAS relation,G3/G6,Review complete / Partial relationship acceptance,All21cases/28edges reviewed;0accepted/0version-established/21cases unresolved; no works merged
IEEE approved chapter supplement,G4/G6/G8,Partial,Six independently authored units eligible under approved interpretation;all returned qualified chapter Abstracts reviewed; four primary-Abstract qualifications plus one session question remain
ACM,G0,Pass,"Current ACM v1 authorization, unchanged31 query/field pairs, rule/addendum/cutoff/complete_export frozen; approved futurev2 kept separate. No other-source execution by this ACM integration; parallel runs have separate owners. Next: Keep current v1 scope/rules unchanged."
ACM,G1,Pass,"All31 saved native Full Query Syntax strings match frozen expressions, fields and ACM Content: DL.27 Abstract +4 AllField preserved.4262 native occurrence author fields scanned;one brace-related truncation recovered from the original source in a separate supplement. Field extraction integrity is not proof every publisher field is an author abstract. Next: Keep notice/Introduction-field provenance caveats and all original inputs."
ACM,G2,Pass,"For every31 query, Hq_start=Hq_end=Oq;4964 native appearances released and mapped. Official All Results or complete native pagination with terminal evidence;zero-return queries have saved zero-result pages.119 referenced evidence and387 raw files hashes checked. +19 drift from4945 historical hits explained in per-query logs; platform global export limit unknown. This completes the frozen query results only, not field recall. Next: No new queries or query-result retrieval needed for this frozen run; independent Author Abstract supplementation is separately scoped."
ACM,G3,Partial,"410native bindings verified;84same-ID aliases.4964appearances=2573representatives+2391repeats;0identity holds.16title flags inventoried. All45cross-ID groups/96endpoints observed; explicit correspondence remains Unknown; no work merge. Next: Fixed source pass complete. Preserve51observed A0 limits,1unestablished date and45Unknown cross-ID relations; no automatic new query/refill/retry."
ACM,G4,Partial,"2204assigned fields=257I/1946E/1noticeA0;50sourceA0. Original28Crossref files preserved; current25eligible/3after. Eight offline and13new native Published recoveries leave1T2low; first-online Unknown retained. SOA native Abstract boundary verified, old X1 unchanged. Next: Fixed source pass complete. Preserve51observed A0 limits,1unestablished date and45Unknown cross-ID relations; no automatic new query/refill/retry."
ACM,G5,Pass,"Pass only actual2204assigned fields;325newly qualified fields plus3previously assessed v1 interpretation replays fully read/centrally reviewed; each release frozen in four disjoint initial batches.1SOA source-only qualification reviewed separately. Exact quotes/hashes verified;0unfinished science. Next: Fixed source pass complete. Preserve51observed A0 limits,1unestablished date and45Unknown cross-ID relations; no automatic new query/refill/retry."
ACM,G6,Partial,"2573representatives=257I/2265E/51A0. Initial/central AI, initial visible; no blind/human consensus. Earlier4saved fields lack an independent second reviewer. No performance/security/payment/deployment acceptance. Next: Fixed source pass complete. Preserve51observed A0 limits,1unestablished date and45Unknown cross-ID relations; no automatic new query/refill/retry."
ACM,G7,Partial,"4964=2573+2391;2573=257+2265+51;I1=201,I2=56. Trace2657=2573+84alias rows; independent works/versions Unknown. Next: Fixed source pass complete. Preserve51observed A0 limits,1unestablished date and45Unknown cross-ID relations; no automatic new query/refill/retry."
ACM,G8,Partial,"Self-contained README, both CSVs, exact31queries, frozen112questions and terminal160source outcomes synchronized; prior current/history preserved. OverallPartial; native README delivery separately recorded. Next: Fixed source pass complete. Preserve51observed A0 limits,1unestablished date and45Unknown cross-ID relations; no automatic new query/refill/retry."
IEEE,G0,Pass,"Authorized IEEE scope and frozen version/parameters; exclusive final reviewer routing preserved, root performed no source actions."
IEEE,G1,Pass,All27 distinct queries use explicit native Abstract atoms and official Abstract export fields; no unapproved metadata/fulltext broadening.
IEEE,G2,Pass,Hq=Oq for all27;20 official raw CSV exports total4346 occurrences; native1000 cap addressed by frozen G03 disjoint/exhaustive year shards; all per-query termination recorded.
IEEE,G3,Partial,Occurrence-to-record mapping and exact identifier repeat targets close;20 existing title-candidate groups and all record work/version relations remain Unknown. Two exact-bound native records have unresolved source content conflicts.
IEEE,G4,Partial,"All355 accepted bounded body records independently reviewed. Five complete/substantive author-Abstract qualifications remain unestablished (four technical, one scientific conditional control),13 D2 route/mechanism gaps and other precise scientific evidence gaps remain. Chronology, early hash-guard, unsaved-context and source-content qualifications preserved."
IEEE,G5,Pass,"Frozen source, disjoint request/reviewer memberships, single effective output per ID, hashes and append-only supplements/deltas mechanically verified."
IEEE,G6,Partial,All included recommendations centrally reviewed and all355 fulltext exceptions independently reviewed;165 scientific and five technical pending records remain. AI review does not establish human consensus or scientific correctness.
IEEE,G7,Partial,"Record-level O/U, same-ID repeats, academic/separate-standard tracks and evidence-level subtotals reconcile; W/V Unknown prevents independent-work/version closure."
IEEE,G8,Partial,"Current local source accounting, exact evidence/review links, histories and remaining-gate ledgers delivered. Parent owns canonical/aggregate integration and acceptance; no manuscript, publication or global edits."
AAAI/IJCAI source,G0,Pass for assigned scope,
AAAI/IJCAI source,G1,Partial,Frozen31concepts/27expressions and approved primary Abstract adaptation; Source-wide primary-field gaps
AAAI/IJCAI source,G2,Partial,Source retrieval/coverage gaps and recorded OAI500cursor chain
AAAI/IJCAI source,G3,Partial,155 unchanged within-ID controls and7verified DOI aliases; Cross-ID works/versions Unknown; no merges
AAAI/IJCAI source,G4,Partial,155 complete candidate Abstracts and30 scoped fulltext exceptions; zero current permission blockers; Source-wide Abstract/coverage gaps
AAAI/IJCAI source,G5,Pass for155assigned records,"Frozen releases,155 exact current central outputs and immutable history"
AAAI/IJCAI source,G6,Partial,All155 current records and30 returned targeted responses centrally adjudicated; 16 scientific scope uncertainties after targeted reading
AAAI/IJCAI source,G7,Pass for record arithmetic; Partial for source/work/version acceptance,266=155+111;155=45+94+16;155=125+30; W/VUnknown; source coverage Partial
AAAI/IJCAI source,G8,Pass for scoped local handoff; overall Partial,
