source,recordID,union_identifier_key,prior_status,scientific_disposition,final_selection,reason
AAAI,AA-00aae28350e143d818d4,doi:10.1609/aaai.v24i1.7625,pending,pending,not_included,user_directed_exclusion_of_unresolved
AAAI,AA-2c5ab3bca78e8d1d1132,doi:10.1609/aaai.v29i1.9436,pending,pending,not_included,user_directed_exclusion_of_unresolved
AAAI,AA-2e977288ab05838f572d,doi:10.1609/aaai.v26i1.8245,pending,pending,not_included,user_directed_exclusion_of_unresolved
AAAI,AA-497fef6c007de9fea245,doi:10.1609/aaai.v28i1.8793,pending,pending,not_included,user_directed_exclusion_of_unresolved
AAAI,AA-7f5c8a0623db7772cca1,doi:10.1609/aaai.v38i9.28856,pending,pending,not_included,user_directed_exclusion_of_unresolved
AAAI,AA-8bf4cc13ce257d637741,doi:10.1609/aaai.v34i02.5607,pending,pending,not_included,user_directed_exclusion_of_unresolved
AAAI,AA-a0c3c706940664379d14,doi:10.1609/aaai.v34i02.5571,pending,pending,not_included,user_directed_exclusion_of_unresolved
AAAI,AA-f4b3ab479af68abc226a,doi:10.1609/aaai.v37i10.26366,pending,pending,not_included,user_directed_exclusion_of_unresolved
AAAI,AL-7690ccb43412611dae13,platform:AAAI-legacy:https://aaai.org/papers/00158-aaai05-026-cooperative-exploration-in-the-electronic-marketplace,pending,pending,not_included,user_directed_exclusion_of_unresolved
AAAI,AL-9d0cd9eb74529f6ba6c8,platform:AAAI-legacy:https://aaai.org/papers/00110-aaai00-017-robust-combinatorial-auction-protocol-against-false-name-bids,pending,pending,not_included,user_directed_exclusion_of_unresolved
ACM,N04DD415C5305843B,doi:10.5555/2814058.3252438,pending,pending,not_included,user_directed_exclusion_of_unresolved
ACM,N0E147742ADD528DD,doi:10.1145/1096510.1096514,pending,pending,not_included,user_directed_exclusion_of_unresolved
ACM,N19D165F045CFF439,doi:10.1145/312624.312741,pending,pending,not_included,user_directed_exclusion_of_unresolved
ACM,N1FE21FB378949E7C,doi:10.1145/3233795.3233812,pending,pending,not_included,user_directed_exclusion_of_unresolved
ACM,N2504D132AB826D13,doi:10.1145/3802802,pending,pending,not_included,user_directed_exclusion_of_unresolved
ACM,N27328B33AB4D4661,doi:10.1145/3233795.3233807,pending,pending,not_included,user_directed_exclusion_of_unresolved
ACM,N295E25E438C386D4,doi:10.1145/1387148,pending,pending,not_included,user_directed_exclusion_of_unresolved
ACM,N2EAA5C93FEA82F23,doi:10.1145/3233795.3233810,pending,pending,not_included,user_directed_exclusion_of_unresolved
ACM,N3903D0C2E989028F,doi:10.1145/237502.237574,pending,pending,not_included,user_directed_exclusion_of_unresolved
ACM,N3A53C16944709341,doi:10.1145/3233795.3233804,pending,pending,not_included,user_directed_exclusion_of_unresolved
ACM,N3AE54DCC2C996EE8,doi:10.1145/1536616.1536639,pending,pending,not_included,user_directed_exclusion_of_unresolved
ACM,N4010C6C0579F790D,doi:10.1145/1080368.1080372,pending,pending,not_included,user_directed_exclusion_of_unresolved
ACM,N40BDB5FBF05DA4B3,doi:10.1145/1672308.1672317,pending,pending,not_included,user_directed_exclusion_of_unresolved
ACM,N41FF5BE7F80F3189,doi:10.1145/1317443.1317446,pending,pending,not_included,user_directed_exclusion_of_unresolved
ACM,N45FD18D4CD63F6DA,doi:10.1145/3233795.3233799,pending,pending,not_included,user_directed_exclusion_of_unresolved
ACM,N48F148B093CD1CAE,doi:10.1145/3731302,pending,pending,not_included,user_directed_exclusion_of_unresolved
ACM,N4FD271414EDEAEB9,doi:10.1145/3233795.3233811,pending,pending,not_included,user_directed_exclusion_of_unresolved
ACM,N5DF67A2A63657A64,doi:10.1145/3746253,pending,pending,not_included,user_directed_exclusion_of_unresolved
ACM,N5EC85F96DB789A3C,doi:10.1145/3233795.3233802,pending,pending,not_included,user_directed_exclusion_of_unresolved
ACM,N5F20E855B640B0F8,doi:10.1145/312624.312664,pending,pending,not_included,user_directed_exclusion_of_unresolved
ACM,N69A58ED5D30E12E4,doi:10.1145/3233795.3233801,pending,pending,not_included,user_directed_exclusion_of_unresolved
ACM,N6D22F0F775BD1A7D,doi:10.1145/236387.236411,pending,pending,not_included,user_directed_exclusion_of_unresolved
ACM,N6DC3853CEA7102BE,doi:10.1145/3233795.3233809,pending,pending,not_included,user_directed_exclusion_of_unresolved
ACM,N6F077900B0AC9ECA,doi:10.1145/364447.364749,pending,pending,not_included,user_directed_exclusion_of_unresolved
ACM,N762D862466B2EA10,doi:10.1145/3544109.3544121,pending,pending,not_included,user_directed_exclusion_of_unresolved
ACM,N78A116590FBD1363,doi:10.1145/3233795.3233813,pending,pending,not_included,user_directed_exclusion_of_unresolved
ACM,N7B5E69E1FD7912EE,doi:10.1145/159161.159159,pending,pending,not_included,user_directed_exclusion_of_unresolved
ACM,N82827B0906673B5A,doi:10.1145/3233795.3233805,pending,pending,not_included,user_directed_exclusion_of_unresolved
ACM,N876C829BD2ADC696,doi:10.1145/3829213,pending,pending,not_included,user_directed_exclusion_of_unresolved
ACM,N949CCED5EE8E07FD,doi:10.1145/3233795.3233803,pending,pending,not_included,user_directed_exclusion_of_unresolved
ACM,N98060EAAD4E267E4,doi:10.1145/3233795.3233797,pending,pending,not_included,user_directed_exclusion_of_unresolved
ACM,N9D97DDC0ABC40BEA,doi:10.1145/3830274,pending,pending,not_included,user_directed_exclusion_of_unresolved
ACM,N9DAF00680A73507B,doi:10.1145/775280.775282,pending,pending,not_included,user_directed_exclusion_of_unresolved
ACM,N9DF189854B75122A,doi:10.1145/313451.313467,pending,pending,not_included,user_directed_exclusion_of_unresolved
ACM,N9E8DA64905907A61,doi:10.1145/3233795.3233808,pending,pending,not_included,user_directed_exclusion_of_unresolved
ACM,N9EDD06A8DF59A85C,doi:10.1145/322169.322182,pending,pending,not_included,user_directed_exclusion_of_unresolved
ACM,NA76E7B574357D01A,doi:10.1145/800017.800513,pending,pending,not_included,user_directed_exclusion_of_unresolved
ACM,NB3F3E71C22C95AFD,doi:10.1145/3233795.3233798,pending,pending,not_included,user_directed_exclusion_of_unresolved
ACM,NC229200D64592C85,doi:10.1145/3465631.3465669,pending,pending,not_included,user_directed_exclusion_of_unresolved
ACM,NC4810A8FD47BD815,doi:10.1145/3233795.3233796,pending,pending,not_included,user_directed_exclusion_of_unresolved
ACM,NC5C6B00F3DE8541D,doi:10.1145/309831.309961,pending,pending,not_included,user_directed_exclusion_of_unresolved
ACM,NCEF882B7423966C8,doi:10.1145/3134472.3134513,pending,pending,not_included,user_directed_exclusion_of_unresolved
ACM,ND0504A1FBAFB50B0,doi:10.1145/3233795.3233806,pending,pending,not_included,user_directed_exclusion_of_unresolved
ACM,ND12A0EF2F4FA8A7D,doi:10.1145/3769684,pending,pending,not_included,user_directed_exclusion_of_unresolved
ACM,NDD8CD4640BB5186B,doi:10.1145/512760.512784,pending,pending,not_included,user_directed_exclusion_of_unresolved
ACM,NDE8DCC10868B253A,doi:10.1145/356683.356688,pending,pending,not_included,user_directed_exclusion_of_unresolved
ACM,NDF806C12D1201A8D,doi:10.1145/263814.263848,pending,pending,not_included,user_directed_exclusion_of_unresolved
ACM,NE6B6497DAE8B5ECD,doi:10.1145/3233795.3233800,pending,pending,not_included,user_directed_exclusion_of_unresolved
ACM,NE6F2A680368CC535,doi:10.1145/3233795.3233814,pending,pending,not_included,user_directed_exclusion_of_unresolved
ACM,NEB418A49C99EFA5C,doi:10.1109/90.336326,pending,pending,not_included,user_directed_exclusion_of_unresolved
ACM,NFDD5B297710F1054,doi:10.1145/1198555.1198678,pending,pending,not_included,user_directed_exclusion_of_unresolved
IEEE,I001B6C4D9252BDD8,doi:10.1109/crcsit.2017.7965546,pending,pending,not_included,user_directed_exclusion_of_unresolved
IEEE,I013A93F527D40AA7,doi:10.1109/ftdcs.1999.818777,pending,pending,not_included,user_directed_exclusion_of_unresolved
IEEE,I01C905453A57DBA5,doi:10.1109/icis.2007.90,pending,pending,not_included,user_directed_exclusion_of_unresolved
IEEE,I03128FA0282A68C3,doi:10.1109/cec-east.2004.66,pending,pending,not_included,user_directed_exclusion_of_unresolved
IEEE,I0689726A31476331,doi:10.1109/hicss.2004.1265431,pending,pending,not_included,user_directed_exclusion_of_unresolved
IEEE,I06BE1EF8E8A5B20F,doi:10.1109/access.2020.2976521,pending,pending,not_included,user_directed_exclusion_of_unresolved
IEEE,I070A1A7C702614E4,doi:10.1109/pesgm41954.2020.9282153,pending,pending,not_included,user_directed_exclusion_of_unresolved
IEEE,I08C5D6242DC3C546,doi:10.1109/southeastcon63549.2026.11476139,pending,pending,not_included,user_directed_exclusion_of_unresolved
IEEE,I0951AF19FF5D5167,doi:10.1109/tmc.2021.3122436,pending,pending,not_included,user_directed_exclusion_of_unresolved
IEEE,I0AEC294DE05BD21B,doi:10.1109/wecwis.2000.853881,pending,pending,not_included,user_directed_exclusion_of_unresolved
IEEE,I0C4CF1FE3E46A9AC,doi:10.1109/coase.2006.326957,pending,pending,not_included,user_directed_exclusion_of_unresolved
IEEE,I0D66010DA8587E0A,platform:IEEE:6615893,pending,pending,not_included,user_directed_exclusion_of_unresolved
IEEE,I0F51B6DC3101FE48,doi:10.1109/tsg.2021.3088309,pending,pending,not_included,user_directed_exclusion_of_unresolved
IEEE,I0FA5362E7958DC4C,doi:10.1109/tsc.2020.3024729,pending,pending,not_included,user_directed_exclusion_of_unresolved
IEEE,I0FEF980A944707C4,doi:10.1109/isads.2001.917406,pending,pending,not_included,user_directed_exclusion_of_unresolved
IEEE,I110CB19B86B2C3A4,doi:10.1109/padsw.2000.884598,pending,pending,not_included,user_directed_exclusion_of_unresolved
IEEE,I134031DB80E78EAE,doi:10.1109/crowncom.2007.4549838,pending,pending,not_included,user_directed_exclusion_of_unresolved
IEEE,I13AFC99742EEF041,doi:10.1109/iccp.2011.6047853,pending,pending,not_included,user_directed_exclusion_of_unresolved
IEEE,I14B085609639A63F,doi:10.1109/iita.2008.31,pending,pending,not_included,user_directed_exclusion_of_unresolved
IEEE,I15ACF76224FCFCE8,doi:10.1109/mnet.2026.3718532,pending,pending,not_included,user_directed_exclusion_of_unresolved
IEEE,I15CDB909DC623280,doi:10.1109/pes.2008.4596357,pending,pending,not_included,user_directed_exclusion_of_unresolved
IEEE,I1940776F961AB9E4,doi:10.1109/kes.2000.885825,pending,pending,not_included,user_directed_exclusion_of_unresolved
IEEE,I1BE036EC8BD0551F,doi:10.1109/infocom.2015.7218641,pending,pending,not_included,user_directed_exclusion_of_unresolved
IEEE,I1CACE636EFF73338,doi:10.1109/iconstem60960.2024.10568607,pending,pending,not_included,user_directed_exclusion_of_unresolved
IEEE,I1F18F56B1AF4A9D0,doi:10.1109/cscwd.2008.4537079,pending,pending,not_included,user_directed_exclusion_of_unresolved
IEEE,I23131F17369181F6,doi:10.1109/scc.2004.1358082,pending,pending,not_included,user_directed_exclusion_of_unresolved
IEEE,I2376DCFD02524F31,doi:10.1109/iccitechnol.2012.6285811,pending,pending,not_included,user_directed_exclusion_of_unresolved
IEEE,I23D2A40B1D94B5E5,doi:10.1109/indcon.2011.6139351,pending,pending,not_included,user_directed_exclusion_of_unresolved
IEEE,I242FDDCF3BEB0C78,doi:10.1109/acc.2014.6859300,pending,pending,not_included,user_directed_exclusion_of_unresolved
IEEE,I246B07B1989F65BB,doi:10.1109/iccpct70290.2026.11654904,pending,pending,not_included,user_directed_exclusion_of_unresolved
IEEE,I24AC0AC3DCD72DF9,doi:10.1109/eit.2018.8500212,pending,pending,not_included,user_directed_exclusion_of_unresolved
IEEE,I24C642BFF88927C5,doi:10.1109/ecai.2018.8679045,pending,pending,not_included,user_directed_exclusion_of_unresolved
IEEE,I27ED2955955ED17A,doi:10.1109/wcnc51071.2022.9771976,pending,pending,not_included,user_directed_exclusion_of_unresolved
IEEE,I28CAA535C16790AC,doi:10.1109/icmas.2000.858447,pending,pending,not_included,user_directed_exclusion_of_unresolved
IEEE,I2D0BF7A7BAB331BB,doi:10.1109/gcce.2016.7800492,pending,pending,not_included,user_directed_exclusion_of_unresolved
IEEE,I2D33F2A04104D1AE,doi:10.1109/sera.2009.37,pending,pending,not_included,user_directed_exclusion_of_unresolved
IEEE,I2F3EC0ADC89FBD2B,doi:10.1109/tmc.2013.17,pending,pending,not_included,user_directed_exclusion_of_unresolved
IEEE,I2FCE950FE68E5EA3,doi:10.1109/wetice.2006.10,pending,pending,not_included,user_directed_exclusion_of_unresolved
IEEE,I3292D6B5FABB29D3,doi:10.1109/epec48502.2020.9320017,pending,pending,not_included,user_directed_exclusion_of_unresolved
IEEE,I333B45F412AC2A2C,doi:10.1109/passat/socialcom.2011.54,pending,pending,not_included,user_directed_exclusion_of_unresolved
IEEE,I345E3BBAFBF3508E,doi:10.1109/icmlc.2005.1526941,pending,pending,not_included,user_directed_exclusion_of_unresolved
IEEE,I34D7CB0B885E807B,doi:10.1109/access.2020.3003894,pending,pending,not_included,user_directed_exclusion_of_unresolved
IEEE,I361D738597DD95A2,doi:10.1109/tpwrs.2020.3032525,pending,pending,not_included,user_directed_exclusion_of_unresolved
IEEE,I38512C5F584A6840,doi:10.1109/tkde.2010.141,pending,pending,not_included,user_directed_exclusion_of_unresolved
IEEE,I3972CFC61E39C88F,doi:10.1109/sccc.2001.972639,pending,pending,not_included,user_directed_exclusion_of_unresolved
IEEE,I3A3449BCA90DF203,doi:10.1109/wi.2004.10136,pending,pending,not_included,user_directed_exclusion_of_unresolved
IEEE,I3F5954328B1D3152,doi:10.1109/iciw.2007.52,pending,pending,not_included,user_directed_exclusion_of_unresolved
IEEE,I3F7911208260E5E4,doi:10.1109/sahcn.2016.7732996,pending,pending,not_included,user_directed_exclusion_of_unresolved
IEEE,I3FCAFB7C506284E7,doi:10.1109/gamenets.2009.5137410,pending,pending,not_included,user_directed_exclusion_of_unresolved
IEEE,I4381B127258A459B,doi:10.1109/nafips-wconsc.2015.7284200,pending,pending,not_included,user_directed_exclusion_of_unresolved
IEEE,I44B0128238FAE424,doi:10.1049/cp:20061567,pending,pending,not_included,user_directed_exclusion_of_unresolved
IEEE,I46184CFCA3D8147F,doi:10.1109/icsmc.2006.384885,pending,pending,not_included,user_directed_exclusion_of_unresolved
IEEE,I473741D36E9F0A04,doi:10.1109/mass.2012.6502545,pending,pending,not_included,user_directed_exclusion_of_unresolved
IEEE,I47BB13B178D77D93,doi:10.1109/icnds.2010.5479440,pending,pending,not_included,user_directed_exclusion_of_unresolved
IEEE,I48E682169D498A45,platform:IEEE:6275199,pending,pending,not_included,user_directed_exclusion_of_unresolved
IEEE,I4ABCD0C66586C011,doi:10.1109/icce.2001.935305,pending,pending,not_included,user_directed_exclusion_of_unresolved
IEEE,I4AE5AC85D8AD99E3,doi:10.1109/dexa.2001.953141,pending,pending,not_included,user_directed_exclusion_of_unresolved
IEEE,I4CBBDE9B337A54BF,doi:10.1109/itaic.2011.6030367,pending,pending,not_included,user_directed_exclusion_of_unresolved
IEEE,I51EB63064D277712,doi:10.1109/enabl.2003.1231378,pending,pending,not_included,user_directed_exclusion_of_unresolved
IEEE,I538DC975F1256D73,doi:10.1109/tsg.2016.2546281,pending,pending,not_included,user_directed_exclusion_of_unresolved
IEEE,I56DAAB7C060B6F1B,doi:10.1109/icsssm.2009.5174886,pending,pending,not_included,user_directed_exclusion_of_unresolved
IEEE,I586505886685124C,doi:10.1109/wcica.2002.1019980,pending,pending,not_included,user_directed_exclusion_of_unresolved
IEEE,I592044AA3C2B4E95,doi:10.1109/cimca.2005.1631266,pending,pending,not_included,user_directed_exclusion_of_unresolved
IEEE,I59BE97F4D871219D,doi:10.1109/ciotsc67482.2025.11412983,pending,pending,not_included,user_directed_exclusion_of_unresolved
IEEE,I5BBA9C01B0DBD60E,doi:10.1093/imamci/dnp016,pending,pending,not_included,user_directed_exclusion_of_unresolved
IEEE,I5CC5894EAB36258F,doi:10.1109/enabl.2000.883741,pending,pending,not_included,user_directed_exclusion_of_unresolved
IEEE,I614E24AB1A8B0BA7,doi:10.1109/cdc.2003.1271960,pending,pending,not_included,user_directed_exclusion_of_unresolved
IEEE,I658E518DAAE3B66F,doi:10.1109/ei268505.2025.11425142,pending,pending,not_included,user_directed_exclusion_of_unresolved
IEEE,I65DA49DDE00B1FC7,doi:10.1109/wcica.2006.1712841,pending,pending,not_included,user_directed_exclusion_of_unresolved
IEEE,I67A7E346600B45B9,doi:10.1109/case.2011.6042428,pending,pending,not_included,user_directed_exclusion_of_unresolved
IEEE,I67CF45E4F22779AB,doi:10.1109/icme57554.2024.10687797,pending,pending,not_included,user_directed_exclusion_of_unresolved
IEEE,I684A7343B9038093,doi:10.1109/korus.2002.1027980,pending,pending,not_included,user_directed_exclusion_of_unresolved
IEEE,I68F13709A2D4905A,doi:10.1109/asonam.2014.6921690,pending,pending,not_included,user_directed_exclusion_of_unresolved
IEEE,I69685FCDFE86FDF4,doi:10.1109/cicn70047.2026.11594167,pending,pending,not_included,user_directed_exclusion_of_unresolved
IEEE,I6A477B82A7399B8A,doi:10.1109/dest.2008.4635221,pending,pending,not_included,user_directed_exclusion_of_unresolved
IEEE,I6B244C0EC8AA5C04,doi:10.1109/tools.2000.885916,pending,pending,not_included,user_directed_exclusion_of_unresolved
IEEE,I6C7786D959D98F42,doi:10.1109/iccsai64074.2025.11064164,pending,pending,not_included,user_directed_exclusion_of_unresolved
IEEE,I6D1922CA9C74A839,doi:10.1109/wi-iat.2009.190,pending,pending,not_included,user_directed_exclusion_of_unresolved
IEEE,I6EBA7201CC8EFC16,doi:10.1109/glocom.2017.8254668,pending,pending,not_included,user_directed_exclusion_of_unresolved
IEEE,I6FA72179023A9FBF,doi:10.1109/icca66035.2025.11430968,pending,pending,not_included,user_directed_exclusion_of_unresolved
IEEE,I7393A36C74D22251,doi:10.1109/tnse.2024.3524362,pending,pending,not_included,user_directed_exclusion_of_unresolved
IEEE,I7482576D69D8FD96,doi:10.23919/wiopt66569.2025.11123293,pending,pending,not_included,user_directed_exclusion_of_unresolved
IEEE,I75840CBB029DACF1,doi:10.1109/etae69474.2026.11496186,pending,pending,not_included,user_directed_exclusion_of_unresolved
IEEE,I75A37ECA2A55734E,doi:10.1109/etee66180.2025.11192970,pending,pending,not_included,user_directed_exclusion_of_unresolved
IEEE,I76AD12C080559862,doi:10.1109/icebe.2007.89,pending,pending,not_included,user_directed_exclusion_of_unresolved
IEEE,I7730943D43840CBE,doi:10.1109/acit-csi.2015.81,pending,pending,not_included,user_directed_exclusion_of_unresolved
IEEE,I7867974EFE71AD57,doi:10.1109/icdcs.1997.598062,pending,pending,not_included,user_directed_exclusion_of_unresolved
IEEE,I791E61505ED29ED6,doi:10.1109/agents.2017.8015294,pending,pending,not_included,user_directed_exclusion_of_unresolved
IEEE,I793317127B0E8FE7,doi:10.1109/hicss.2001.927145,pending,pending,not_included,user_directed_exclusion_of_unresolved
IEEE,I7B16A7BB9083E9B3,doi:10.1109/isgteurope.2019.8905714,pending,pending,not_included,user_directed_exclusion_of_unresolved
IEEE,I7C33E8157ED3894D,doi:10.1109/sasow.2012.37,pending,pending,not_included,user_directed_exclusion_of_unresolved
IEEE,I7E5EB2CC216F7568,platform:IEEE:6641020,pending,pending,not_included,user_directed_exclusion_of_unresolved
IEEE,I7F0E75BACE05C0B2,platform:IEEE:9626368,pending,pending,not_included,user_directed_exclusion_of_unresolved
IEEE,I813DC92A75798C8E,doi:10.1109/wiiat.2008.334,pending,pending,not_included,user_directed_exclusion_of_unresolved
IEEE,I83E92473E91BE758,doi:10.1109/cso.2011.122,pending,pending,not_included,user_directed_exclusion_of_unresolved
IEEE,I864C5AAB9371EA5F,doi:10.1109/icacc.2011.6016379,pending,pending,not_included,user_directed_exclusion_of_unresolved
IEEE,I89C1E198998968D2,doi:10.1109/cimca.2005.1631593,pending,pending,not_included,user_directed_exclusion_of_unresolved
IEEE,I8D3FD01EB97BCE30,doi:10.1162/1054746041422352,pending,pending,not_included,user_directed_exclusion_of_unresolved
IEEE,I8FC27A1315318C6E,doi:10.1109/ecdc.2016.7492977,pending,pending,not_included,user_directed_exclusion_of_unresolved
IEEE,I902B9636AF0AF833,doi:10.1109/ride.1999.758628,pending,pending,not_included,user_directed_exclusion_of_unresolved
IEEE,I9136C22D8C5256F3,doi:10.1109/nwesp.2009.13,pending,pending,not_included,user_directed_exclusion_of_unresolved
IEEE,I955409B1C13F3420,doi:10.1109/tsmc.2018.2800006,pending,pending,not_included,user_directed_exclusion_of_unresolved
IEEE,I95C062F1DA48088D,doi:10.1109/mcom.2002.1024416,pending,pending,not_included,user_directed_exclusion_of_unresolved
IEEE,I95D60F869EFCD2DE,doi:10.1109/iat.2007.35,pending,pending,not_included,user_directed_exclusion_of_unresolved
IEEE,I96F63CABBC75D4E1,doi:10.1109/ton.2026.3669011,pending,pending,not_included,user_directed_exclusion_of_unresolved
IEEE,I974A59DCCAFB5B9A,doi:10.1109/icimp.2007.36,pending,pending,not_included,user_directed_exclusion_of_unresolved
IEEE,I975B1E6B11EB7FB2,doi:10.1109/icteched69022.2026.11682855,pending,pending,not_included,user_directed_exclusion_of_unresolved
IEEE,I9B59D72404ECD50A,doi:10.1109/apsec66846.2025.00100,pending,pending,not_included,user_directed_exclusion_of_unresolved
IEEE,I9F80D0086E1C1D3A,doi:10.1049/cp.2013.2571,pending,pending,not_included,user_directed_exclusion_of_unresolved
IEEE,I9FCCEB42DC370B34,doi:10.1109/icccas.2006.284988,pending,pending,not_included,user_directed_exclusion_of_unresolved
IEEE,IA60CD234F3472110,doi:10.1109/hicss.2000.926813,pending,pending,not_included,user_directed_exclusion_of_unresolved
IEEE,IA64890184F059ED5,doi:10.1109/hicss.2002.993889,pending,pending,not_included,user_directed_exclusion_of_unresolved
IEEE,IA6E6B9EAD90D240D,doi:10.1109/icdp.1996.864209,pending,pending,not_included,user_directed_exclusion_of_unresolved
IEEE,IAA7CEC3B60428674,doi:10.1109/ccece.2006.277766,pending,pending,not_included,user_directed_exclusion_of_unresolved
IEEE,IAB15349707FCE246,doi:10.1109/ecce55643.2024.10860868,pending,pending,not_included,user_directed_exclusion_of_unresolved
IEEE,IAB5D1FA17F965A72,doi:10.1109/wcica.2006.1712838,pending,pending,not_included,user_directed_exclusion_of_unresolved
IEEE,IAD07A9ECBFB747F7,doi:10.1109/jcdl.2003.1204930,pending,pending,not_included,user_directed_exclusion_of_unresolved
IEEE,IB0BF2132346A7CAD,doi:10.1109/icebe.2008.85,pending,pending,not_included,user_directed_exclusion_of_unresolved
IEEE,IB145B8025EDF8660,doi:10.1109/cencon51869.2021.9627254,pending,pending,not_included,user_directed_exclusion_of_unresolved
IEEE,IB1FEDAC4752FCC07,doi:10.1109/chinacom.2006.344665,pending,pending,not_included,user_directed_exclusion_of_unresolved
IEEE,IB4566F31D852B46B,doi:10.1109/tkde.2005.35,pending,pending,not_included,user_directed_exclusion_of_unresolved
IEEE,IB6440886C67CC983,doi:10.1108/ijcs-01-2017-0001,pending,pending,not_included,user_directed_exclusion_of_unresolved
IEEE,IB64E4A930961188F,doi:10.1109/iat.2007.41,pending,pending,not_included,user_directed_exclusion_of_unresolved
IEEE,IB667925F69E55C1B,doi:10.1109/drpt.2000.855713,pending,pending,not_included,user_directed_exclusion_of_unresolved
IEEE,IB6F575912201355C,doi:10.1109/npsif68783.2025.11386322,pending,pending,not_included,user_directed_exclusion_of_unresolved
IEEE,IB7A2E27EB01785C3,doi:10.1109/mic.2003.1215666,pending,pending,not_included,user_directed_exclusion_of_unresolved
IEEE,IB8DC3EDE3B9AFCD0,doi:10.1109/iita.2008.153,pending,pending,not_included,user_directed_exclusion_of_unresolved
IEEE,IB8E4E6ED584FE067,doi:10.1109/reldis.1999.805127,pending,pending,not_included,user_directed_exclusion_of_unresolved
IEEE,IB9A41CBCED138D00,doi:10.1109/tsg.2024.3495701,pending,pending,not_included,user_directed_exclusion_of_unresolved
IEEE,IBC9AC37689485D2D,doi:10.1109/mcs.2026.3687280,pending,pending,not_included,user_directed_exclusion_of_unresolved
IEEE,IBD4762D8E63D5953,doi:10.1002/9781394297061.ch06,pending,pending,not_included,user_directed_exclusion_of_unresolved
IEEE,IBD4CBBEA1FCABECD,doi:10.1109/hicss.2000.926842,pending,pending,not_included,user_directed_exclusion_of_unresolved
IEEE,IBDACC4BD593D9F19,doi:10.1109/noms.2002.1015634,pending,pending,not_included,user_directed_exclusion_of_unresolved
IEEE,IBDDC7B0AA93FC62C,doi:10.1109/glocom.2016.7842170,pending,pending,not_included,user_directed_exclusion_of_unresolved
IEEE,IBE5AFA3A00C60766,doi:10.1109/mobiq.2004.1331733,pending,pending,not_included,user_directed_exclusion_of_unresolved
IEEE,IC0381DB921C065BC,doi:10.1109/iscc.1998.702547,pending,pending,not_included,user_directed_exclusion_of_unresolved
IEEE,IC0F8B0EEA7FBE860,doi:10.1109/mue.2007.20,pending,pending,not_included,user_directed_exclusion_of_unresolved
IEEE,IC2A48351B7E89CBA,doi:10.1109/icait61638.2024.10690316,pending,pending,not_included,user_directed_exclusion_of_unresolved
IEEE,IC30FE0CAFF1FBF5E,doi:10.1109/cifer.2012.6327822,pending,pending,not_included,user_directed_exclusion_of_unresolved
IEEE,IC33BA1C0035FFB5E,platform:IEEE:6060185,pending,pending,not_included,user_directed_exclusion_of_unresolved
IEEE,IC50424B67EEE8E4D,doi:10.1109/bmei.2010.5639800,pending,pending,not_included,user_directed_exclusion_of_unresolved
IEEE,IC79424F4F660EDC7,doi:10.1109/cieec60922.2024.10583815,pending,pending,not_included,user_directed_exclusion_of_unresolved
IEEE,IC83DBB71FB3B8957,doi:10.1093/comjnl/bxv061,pending,pending,not_included,user_directed_exclusion_of_unresolved
IEEE,IC8D74D780A8C7BD1,doi:10.1109/imcec.2016.7867264,pending,pending,not_included,user_directed_exclusion_of_unresolved
IEEE,IC9F1CA0CD1E686C7,doi:10.1109/coec.2003.1210272,pending,pending,not_included,user_directed_exclusion_of_unresolved
IEEE,ICB8F749558718582,doi:10.1109/svcc69905.2026.11642185,pending,pending,not_included,user_directed_exclusion_of_unresolved
IEEE,ID0E97108E5FC3D41,doi:10.1109/nswctc.2009.195,pending,pending,not_included,user_directed_exclusion_of_unresolved
IEEE,ID1F69709F1791D8C,doi:10.1109/softt67007.2025.11213027,pending,pending,not_included,user_directed_exclusion_of_unresolved
IEEE,ID3A01F302E0A5211,doi:10.1109/icmb-gmr.2010.60,pending,pending,not_included,user_directed_exclusion_of_unresolved
IEEE,ID4AB72BD8603B826,doi:10.1109/icmla66185.2025.00220,pending,pending,not_included,user_directed_exclusion_of_unresolved
IEEE,ID58D1CDC3DC13D0B,platform:IEEE:10258217,pending,pending,not_included,user_directed_exclusion_of_unresolved
IEEE,ID980C17DB5DC85B3,doi:10.1109/iscid.2008.7,pending,pending,not_included,user_directed_exclusion_of_unresolved
IEEE,ID9AF3CC36D7ED10C,doi:10.1109/cdc57313.2025.11312897,pending,pending,not_included,user_directed_exclusion_of_unresolved
IEEE,IDB6767AF4F115831,doi:10.1109/icsess.2010.5552355,pending,pending,not_included,user_directed_exclusion_of_unresolved
IEEE,IDFD91358D83270C5,platform:IEEE:6640682,pending,pending,not_included,user_directed_exclusion_of_unresolved
IEEE,IE423934DAC6C00D9,doi:10.1109/cec.2011.15,pending,pending,not_included,user_directed_exclusion_of_unresolved
IEEE,IE6570D877B5CD347,doi:10.1109/iccicc53683.2021.9811317,pending,pending,not_included,user_directed_exclusion_of_unresolved
IEEE,IEA1CD0A9A521ED2B,doi:10.1109/access.2020.2987770,pending,pending,not_included,user_directed_exclusion_of_unresolved
IEEE,IEA68CC157FCFD40C,doi:10.1109/icocs.2012.6458610,pending,pending,not_included,user_directed_exclusion_of_unresolved
IEEE,IEB2420338D385E97,doi:10.1109/tsipn.2017.2668144,pending,pending,not_included,user_directed_exclusion_of_unresolved
IEEE,IEBC035702F22822E,doi:10.1109/icmtma.2010.140,pending,pending,not_included,user_directed_exclusion_of_unresolved
IEEE,IEE92864C087D3DE8,doi:10.1109/cdc.2017.8263968,pending,pending,not_included,user_directed_exclusion_of_unresolved
IEEE,IF1C036F1DB1B008B,doi:10.1093/imamci/dnq014,pending,pending,not_included,user_directed_exclusion_of_unresolved
IEEE,IF300386F184A59FE,doi:10.1109/icassp.2017.7953278,pending,pending,not_included,user_directed_exclusion_of_unresolved
IEEE,IF4D7126E4D0568C3,doi:10.1109/nafips.2002.1018036,pending,pending,not_included,user_directed_exclusion_of_unresolved
IEEE,IF501433A116BF043,doi:10.1109/hicss.1997.663423,pending,pending,not_included,user_directed_exclusion_of_unresolved
IEEE,IF6081BB7383D7075,doi:10.1109/tnet.2023.3309729,pending,pending,not_included,user_directed_exclusion_of_unresolved
IEEE,IF875BE91D9AB9A80,doi:10.1109/icect.2004.1319735,pending,pending,not_included,user_directed_exclusion_of_unresolved
IEEE,IFF0CD4E5E742C6D8,doi:10.1109/issre.1998.730880,pending,pending,not_included,user_directed_exclusion_of_unresolved
IEEE,IFFCA0F9612F173AE,doi:10.1109/wise.2001.996466,pending,pending,not_included,user_directed_exclusion_of_unresolved
IJCAI,JH-305c57e243d82abde929,doi:10.24963/ijcai.2017/15,pending,pending,not_included,user_directed_exclusion_of_unresolved
IJCAI,JH-37dee9a65b8b83ea0173,doi:10.24963/ijcai.2021/706,pending,pending,not_included,user_directed_exclusion_of_unresolved
IJCAI,JH-588419a78c2ba00c8e70,platform:IJCAI:abstract/09/042,pending,pending,not_included,user_directed_exclusion_of_unresolved
IJCAI,JH-b6b0dfd92fc068e42291,platform:IJCAI:abstract/09/063,pending,pending,not_included,user_directed_exclusion_of_unresolved
IJCAI,JH-fae4b9d964092a666b82,platform:IJCAI:abstract/16/048,pending,pending,not_included,user_directed_exclusion_of_unresolved
IJCAI,JP-11f2aee43c7f3ff0c61f,platform:IJCAI-PDF:/proceedings/03/papers/296.pdf,pending,pending,not_included,user_directed_exclusion_of_unresolved
