claim,manuscript_section,manuscript_label,inputs,code,outputs,verification,manuscript_locator
"Case A independent q,d loss and review surface",sec:model-a,fig:model-a-heatmaps,case-a/data/design.json;case-a/data/independent-grid.npz,case-a/compute.py;case-a/plot.py,case-a/figures/independent-qd-heatmaps.pdf;case-a/data/independent-grid.csv,replay.py:all 301101 CSV/NPZ pairs and analytic matrix recomputation;42 direct utility checks,"Figure 1, page 11"
Case A fixed-cap timeliness slices,sec:model-a,fig:model-a-fixed-d,case-a/data/fixed-d-slices.csv,case-a/compute.py;case-a/plot.py,case-a/figures/fixed-d-curves.pdf,Independent d inputs; q varies along each constant-d curve,"Figure 2, page 11"
Case A closed-form user loss under agent self-selection,sec:model-a,eq:model-a-loss,case-a/probes/design.json;case-a/data/design.json,case-a/compute.py;case-a/oracle.py,case-a/data/independent-grid.csv,42 direct original-utility midpoint checks,"Modeling subsection 4.1, pages 9-11"
Case A 23 of 24 optimal GLM decisions,sec:model-a,Case A empirical paragraph,case-a/probes/evidence.json;case-a/probes/cells.csv,case-a/oracle.py;replay.py,case-a/probes/scoring.json;case-a/probes/summary.json,Reparse complete final answers; compare maximizing formula choice and regret,"Modeling subsection 4.1, pages 9-11"
Case B exact control value and optimal effort/reporting,sec:model-b,eq:model-b-bellman,case-b/probes/design.json,case-b/compute.py,case-b/data/theory.json;case-b/data/cells.csv,Recompute all 64 cells; enumerate all eight effort/report strategies,"Modeling subsection 4.2, pages 10-12"
Case B eight-round mean high effort and success under four policies,sec:model-b,fig:model-b-controls,case-b/data/theory.json,case-b/compute.py;case-b/plot.py,case-b/figures/case-b-policy-comparison.pdf;case-b/figures/plotted-values.csv,Exact forward expectations from G; plotted values derived from accepted theory,"Figure 3, page 12"
Case B 8 of 14 optimal decisions; 7/7 h4 and 1/7 h1,sec:model-b,Case B empirical paragraph,case-b/probes/evidence.json;case-b/probes/prompts.json,replay.py,case-b/probes/summary.json,Strict top-level schema; exact utility rescoring; report ties separated,"Modeling subsection 4.2, pages 10-12"
Case B excluded first campaign and stop with nine unattempted cells,sec:model-b,Pilot limitations,case-b/excluded-initial/evidence.json;case-b/probes/schema-stop.json;case-b/probes/prompts.json,replay.py,case-b/excluded-initial/initial-campaign-disposition.json;case-b/probes/schema-stop.json,Five original responses plus one interrupted attempt; last revised attempt schema-invalid; remaining prompt ID set size nine,"Modeling subsection 4.2, pages 10-12"
Supplement: five-q grid cap optima,Not primary independent-parameter evidence,Preserved supplement only,case-a/supplemental/five-q/design.json,case-a/supplemental/five-q/oracle.py,case-a/supplemental/five-q/grid.csv;case-a/supplemental/five-q/grid_optima.csv,Original saved numerical receipt; midpoint approximation distinct from closed-form grid,Supplement only
Supplement: continuous optimal cap as q varies,Not primary independent-parameter evidence,Preserved supplement only,case-a/supplemental/optimized-cap/design.json,case-a/supplemental/optimized-cap/compute.py;case-a/supplemental/optimized-cap/verify.py;case-a/supplemental/optimized-cap/plot.py,case-a/supplemental/optimized-cap/continuous-results.csv;case-a/supplemental/optimized-cap/case-a-continuous.pdf,Original denser stationary-root and direct-payoff validation; d reoptimized for each q,Supplement only
