scenario_id,theta,d,q,a_auto,utility_auto,utility_review,oracle_choice,utility_margin_review_minus_auto,user_loss_auto,user_loss_review,user_loss_selected,review_threshold_d
A01,0.2,0.25,1.0,0.25,-0.010000000000000002,-0.0275,AUTO,-0.017499999999999998,0.0024999999999999988,0.01,0.0024999999999999988,0.18416876048223
A02,0.2,0.25,0.5,0.25,-0.010000000000000002,-0.0775,AUTO,-0.0675,0.0024999999999999988,0.030000000000000006,0.0024999999999999988,0.07161178185849887
A03,0.2,0.55,1.0,0.35,-7.703719777548943e-34,-0.0275,AUTO,-0.0275,0.02249999999999999,0.01,0.02249999999999999,0.18416876048223
A04,0.2,0.55,0.5,0.35,-7.703719777548943e-34,-0.0775,AUTO,-0.0775,0.02249999999999999,0.030000000000000006,0.02249999999999999,0.07161178185849887
A05,0.5,0.25,1.0,0.25,-0.16000000000000003,-0.0275,REVIEW,0.13250000000000003,0.0625,0.01,0.01,0.48416876048223
A06,0.5,0.25,0.5,0.25,-0.16000000000000003,-0.22750000000000004,AUTO,-0.0675,0.0625,0.135,0.0625,0.17303039929152714
A07,0.5,0.55,1.0,0.55,-0.00999999999999999,-0.0275,AUTO,-0.01750000000000001,0.0025000000000000044,0.01,0.0025000000000000044,0.48416876048223
A08,0.5,0.55,0.5,0.55,-0.00999999999999999,-0.22750000000000004,AUTO,-0.21750000000000005,0.0025000000000000044,0.135,0.0025000000000000044,0.17303039929152714
A09,0.8,0.25,1.0,0.25,-0.4900000000000001,-0.0275,REVIEW,0.4625000000000001,0.30250000000000005,0.01,0.01,0.78416876048223
A10,0.8,0.25,0.5,0.25,-0.4900000000000001,-0.4675,REVIEW,0.022500000000000075,0.30250000000000005,0.33000000000000007,0.33000000000000007,0.26626028344113284
A11,0.8,0.55,1.0,0.55,-0.16000000000000003,-0.0275,REVIEW,0.13250000000000003,0.0625,0.01,0.01,0.78416876048223
A12,0.8,0.55,0.5,0.55,-0.16000000000000003,-0.4675,AUTO,-0.3075,0.0625,0.33000000000000007,0.0625,0.26626028344113284
