q,d,mean_user_loss,review_share,regime
0,0.85,0.018000000000000002,0.0,no_review
0.25,0.85,0.018000000000000002,0.0,no_review
0.5,0.85,0.018000000000000002,0.0,no_review
0.75,0.85,0.018000000000000002,0.0,no_review
0.8,0.85,0.018000000000000002,0.0,no_review
0.85,0.85,0.018000000000000002,0.0,no_review
0.9,0.85,0.018000000000000002,0.0,no_review
0.925,0.85,0.018000000000000002,0.0,no_review
0.94,0.85,0.018000000000000002,0.0,no_review
0.95,0.85,0.018000000000000002,0.0,no_review
0.96,0.8680425564025662,0.018046872255331997,1.1102230246251565e-16,no_review
0.97,0.8921240608354473,0.018241249984814255,3.3306690738754696e-16,no_review
0.975,0.10393293165721494,0.017457688159871695,0.8763324268740619,review
0.98,0.10309456818514708,0.015802040595811827,0.8779980573882418,review
0.99,0.1014981595104337,0.012489783344770248,0.8811768305103507,review
1,0.10000000000003037,0.009176343522885017,0.8841687604821996,review
